,Barrio
Antonio Narino,"(""Sevilla"",""Policarpa"",""Ciudad Berna"",""Ciudad Jardin"",""Barrio Caracas"",""Restrepo"",""San Antonio"",""Fragua"",""Fragüita"",""Santander"",""Villa Mayor"",""San Jorge Central"",""Cinco de Noviembre"",""Santa Isabel"",""Eduardo Frey"")"
Barrios Unidos,"(""Doce De Octubre"",""El Labrador"",""Entre Rios"",""Jorge Eliecer Gaitan"",""Jose Joaquin Vargas"",""La Libertad"",""Metropolis"",""Popular Modelo"",""Rincon Del Salitre"",""San Fernando"",""San Fernando Occidental"",""San Miguel"",""Simon Bolivar"",""11 De Noviembre"",""Alcazares Norte"",""Baquero"",""Benjamin Herrera"",""Chapinero Noroccidental"",""Colombia"",""Concepcion Norte"",""Juan XXIII"",""La Aurora"",""La Esperanza"",""La Merced Norte. La Paz"",""Los Alcazares"",""Muequeta"",""Polo Club"",""Quinta Mutis"",""Rafael Uribe"",""San Felipe"",""Santa Sofia"",""Siete De Agosto"",""Conjunto Residencial Calla. 100"",""Entre Rios"",""Escuela Militar"",""La Castellana"",""La Patria"",""Los Andes"",""Rionegro"",""Urbanizacion San Martin"",""Villa Calasanz"",""Vizcaya"",""El Rosario"")"
Bosa,"(""El Motorista"",""Industrial"",""Jardines del Apogeo"",""La Ilusion"",""Nuevo Chile"",""Olarte"",""Villas del Rio"",""Andalucia"",""Andalucia II"",""Antonia Santos"",""Argelia"",""Argelia II"",""Bosa"",""Bosques de meryland"",""Brasiia La Estacion"",""Carlos Alban Holguin Nueva Granada"",""Carlos Alban Sector Israelita"",""Carlos Alban Sector Miraflores"",""Carlos Galban"",""Charles de Gaulle"",""Charles de Gaulle II"",""Claretiano"",""El Jardin"",""El Jardin San Eugenio"",""El Libertador"",""El Llanito"",""El Llano (Sector Guzman)"",""El Llano Mz A"",""El Llano Sector Fandino"",""El Palmar"",""El Portal de Bosa"",""El Porvenir"",""El Progreso"",""El Retazo"",""El Toche"",""El Triangulo Sector Materas"",""Getsemani"",""Grancolombiano I"",""Grancolombiano II Laures Mz L3"",""M"",""N"",""P"",""Q"",""Grancolombiano II Sector"",""Gualoche"",""Hermanos Barragan"",""Humberto Valencia"",""Humberto Valencia II"",""Islandia"",""Islandia II"",""Islandia III"",""Islandia IV"",""Israelita"",""Jimenez de Quesada"",""Jimenez de Quesada II Sector"",""Jose Antonio Galan"",""Jose Maria Carbonel I y II Sector"",""La Amistad"",""La Aurora"",""La Azucena"",""La Azucena Mz. A"",""La Azucena Mz. B"",""La Azucena Sector El Triangulo"",""La Cruz de Terreros"",""La Ele II Sector Los Laureles"",""La Esmeralda"",""La Esperanza de Tibanica"",""La Estacion"",""La Estacion Areneras"",""La Estacion Distrital Fca. Raiz"",""La Palestina I"",""La Primavera"",""La Riviera II"",""La Sultana"",""Las Margaritas"",""Las Soltanas"",""Laureles III"",""Laureles La Estacion"",""Llano Oriental"",""Llanos de Bosa"",""Manzanares"",""Miraflores II Sector"",""Mitrani"",""Naranjos El Retrazo"",""Nicolas Escobar"",""Nueva Granada"",""Nueva Granada II Sector"",""Nueva Granada II Sector (Tiboli)"",""Nueva Granada V Sector"",""Pablo VI"",""Palestina"",""Paso Ancho"",""Piamonte I Etapa"",""Primavera Sur"",""Providencia"",""San Eugenio"",""San Eugenio II"",""San Jose Los Naranjos"",""San Judas (B. La Estacion)"",""San Pablo I Sector"",""San Pablo II Sector"",""San Pedro"",""Santa Lucia"",""Sub Sta. Lucia"",""Sub Triangulo Las Materas"",""Sub Urb. Claretiana"",""Tierra Gratis"",""Urb. Acuarela I y II"",""Urb. Tanque de Bosa"",""Verd. Sector San Jose"",""Villa Anay"",""Villa Anni (Bosa Naranjos)"",""Villa Bosa"",""Villa Nohora"",""Xochimilco"",""Amaruc"",""Berlin"",""Berlin de Bosa La Libertad III"",""Betania"",""Bosa Nova"",""Bosa Nova II Sector"",""Bosalinda (Hildebrando Olarte)"",""Brasil II Sector"",""Brasil II Segunda Etapa"",""Brasil Lopez y Pineros"",""Brasil Materas Acacias S. Jorge"",""Brasil Sector Barreto"",""Brasil Sector Portal y Castillo"",""Brasilia 2º Sector"",""Brasilia 3º Sector"",""Brasilia I Sector"",""Campo Hermoso"",""Casa Nueva"",""Chico Sur"",""Chiicala"",""Ciudadela La Libertad II"",""Danubio"",""Danubio Azul I"",""Danubio II"",""Danubio III"",""Diamante Sur"",""Divino Nino"",""El Bosque de Bosa"",""El Cauce"",""El Diamante"",""El Jazmin Sector El Triangulo"",""El Libertador"",""El Libertador II"",""El Paradero"",""El Paraiso"",""El Portal de La Libertad"",""El Portal I y II Sector"",""El Porvenir II Sector"",""El Porvenir III"",""El Porvenir Sector Brasil"",""El Progreso II Sector"",""El Recuerdo 4 A"",""5"",""6"",""7"",""El Recuerdo II"",""El Recuerdo San Bernardino"",""El Rincon de Bosa"",""El Rodeo"",""El Rubi"",""El Sauce"",""Escocia IX"",""Escocia V"",""Escocia VI Sectores I"",""II"",""III"",""Escocia VII"",""Finca La Esperanza"",""Holanda"",""Holanda I Sector"",""Holanda II Sector"",""Holanda III Sector"",""Holanda Sector Caminito"",""Hortelanos de Escocia"",""Jorge Uribe Botero"",""La Concepcion"",""La Concepcion II Sector"",""La Dulcinea"",""La Esmeralda"",""La Esperanza I"",""La Esperanza II Sector"",""La Estanzuela"",""La Estanzuela II"",""La Florida IV Sector"",""La Fontana de Bosa La Libertad"",""La Fontana I y II"",""La Independencia"",""La Independencia II Sector"",""La Libertad"",""La Libertad II"",""La Libertad III"",""La Libertad IV"",""La Libertad Sector Magnolia"",""La Magnolia II"",""La Maria"",""La Palma"",""La Paz"",""La Paz II Sector"",""La Paz III"",""La Paz San Ignacio Las Vegas"",""La Paz San Ignacio Sec. La Esperanza"",""La Portada"",""La Portada II"",""La Portada III Sector"",""La Portadita"",""La Veguita"",""la Veguita II"",""La Veguita IV Sector"",""Las Margaritas III"",""Las Margaritas Sect. I y II"",""Las Vegas"",""Los Heroes"",""Los Ocales"",""Los Sauces"",""Los Sauces Sector Cedro"",""Miami"",""New Jersey"",""Ntra. Sra. De La Paz – La Esperanza"",""Ntra. Sra. De La Paz IV Sec."",""Ntra. Sra. De La Paz Villa Esmeralda"",""Ntra. Sra. De La Paz y Otros"",""Nueva Escocia"",""Nueva Esperanza"",""Porvenir La Concepcion"",""Porvenir Parc. 17ª y 17B"",""Porvenir Parc. 33"",""Potreritos"",""San Antonio"",""San Antonio de Bosa"",""San Antonio de Escocia"",""San Antonio de Escocia II"",""San Bernardino"",""San Bernardino Sector II"",""San Bernardino Sector Protrerito"",""San Bernardino Sector Villa Emma"",""San Diego La Paz IV Sector"",""San Fernando N. S. de La Paz"",""San Javier"",""San Joaquin"",""San Jorge"",""San Jorge II"",""San Juanito"",""San Luis"",""San Luis II"",""San Martin"",""San Pedro"",""San Pedro II"",""San Pedro II Sector A"",""San Pedro Sector C"",""Santa Ines"",""Sauces II"",""Siracuza"",""Siracuza II"",""Tokio"",""Vegas de Santana"",""Vereda El Porvenir Sector Brasil"",""Villa Carolina"",""Villa Clemencia"",""Villa Clemencia Sector Tierra Grata"",""Villa Colombia"",""Villa Colombia II"",""Villa de Los Comuneros"",""Villa de Suaita"",""Villa Magda"",""Villa Magnolia"",""Villa Natalia"",""Villa Nohora"",""Villa Nohora II"",""Villa Nohora III"",""Villa Sonia I"",""Villa Sonia II"",""Villas del Progreso"",""Villas del Velero"",""Antonio Narino"",""Caldas"",""Campo Hermoso"",""Canaveralejo"",""El Anhelo"",""El Corzo"",""El Porvenir"",""El Porvenir III"",""El Porvenir Parcela 23"",""El Porvenir San Luis"",""El Porvenir Sector Inducas"",""El Recuerdo"",""El Recuerdo de Santa Fe"",""El Regalo"",""El Regalo II"",""La Arboleda"",""La Cabana"",""La Granjita"",""La Suerte"",""La Union"",""Las Margaritas"",""Los Centauros"",""Osorio X"",""Osorio XIII"",""Parcela El Porvenir"",""San Bernardino II"",""San Miguel"",""San Pablo"",""Santa Barbara"",""Santa Fe"",""Santa Fe I y II"",""Santa Fe III Sector"",""Santa Isabel"",""Santafe de Bosa"",""Urbanizacion Caldas"",""Villa Alegre"",""Villa Alegria"",""Villa Esmeralda"",""Villa Karen"",""El Matorral"",""El Matorral de San Bernardino"",""El Triunfo"",""El Triunfo de San Bernardino"",""La Vega de San Bernardino Bajo"",""Potreritos"",""SAn Bernardino Sector Potrerito"",""San Bernardino XIX"",""San Bernardino XVI"",""San Bernardino XVII"",""San Bernardino XVIII"",""San Bernardino XXII"",""San Bernardino XXV"")"
Chapinero,"(""Cataluna"",""Chapinero Central"",""Chapinero Norte"",""Marly"",""Sucre"",""Antiguo Country"",""Chico Norte"",""Chico Norte II"",""Chico Norte III"",""Chico Occidental"",""El Chico"",""El Retiro"",""Espartillal"",""La Cabrera"",""Lago Gaitan"",""Porciuncula"",""Quinta Camacho"",""Bellavista"",""Chico Alto"",""Chico Reservado"",""El Nogal"",""El Refugio"",""La Cabrera"",""Los Rosales"",""Seminario"",""Toscana"",""Bosque Calderon"",""Bosque Calderon Tejada"",""Chapinero Alto"",""El Castillo"",""El Paraiso"",""Emaus"",""Granada"",""Ingemar"",""Juan XXIII"",""La Salle"",""Las Acacias"",""Los Olivos"",""Maria Cristina"",""Mariscal Sucre"",""Nueva Granada"",""Palomar"",""Pardo Rubio"",""San Martin de Porres"",""Villa Anita"",""Villa del Cerro"",""La Esperanza Nororiental"",""La Surena"",""San Isidro"",""San Luis Altos del Cabo"")"
Ciudad Bolivar,"(""Arborizadora Baja"",""Atlanta"",""Coruna"",""El Chircal Sur"",""El Esquinero"",""La Playa"",""La Playa II"",""Madelena"",""Rafael Escamilla"",""Santa Helena"",""Santa Rosa Sur"",""Urbanizacion Protecho Bogota"",""Urbanizacion Atlanta"",""Urbanizacion Casa Larga"",""Urbanizacion Guaitiquia"",""Urbanizacion La Coruna"",""Villa Helena"",""Central de Mezclas"",""Las Manas"",""Mochuelo Oriental"",""Verdad El Pedregal – La Lira"",""Villa Jaqui"",""Acapulco I"",""Arabia"",""Bogota Sector Tequendama"",""Bogota Sur – La Esperanza"",""Buenos Aires"",""Buenos Aires II"",""Buenos Aires III Sector"",""Casa de Teja"",""Cedritos del Sur"",""Divino Nino"",""El Consuelo"",""El Minuto de Maria"",""El Mochuelo"",""El Recuerdo Sur"",""El Reflejo II"",""El Tesorito"",""El Tesoro"",""El Triganl"",""Florida Sur Alto"",""Ines Elvira"",""La Cumbre"",""Los Duques"",""Minuto de Maria"",""Monterrey"",""Ocho de Diciembre"",""Parcelacion Bogota"",""Potreritos"",""Quiba"",""Quiba Urbano"",""Republica de Venezuela"",""Republica del Canada"",""Rincon del Diamante"",""San Joaquin El Vaticano"",""San Joaquin Vaticano – Galpon"",""San Joaquin Vaticano – Vergel"",""San Rafael Sur"",""Sotavento"",""Urbanizacion Buena Vista"",""Urbanizacion Cerros del Sur"",""Urbanizacion Chicala"",""Urbanizacion El Limonar"",""Urbanizacion Mirador de San Carlos"",""Urbanizacion Urapanes del Sur"",""Villa Diana Lopez"",""Villas de San Joaquin"",""Bella Estancia"",""Barlovento"",""Bonanza Sur"",""Caracoli"",""Casa Loma II"",""Casgrandes"",""Casaloma"",""Casavianca"",""Conjunto Residencial La Valvanera"",""Cooperativa Ismael Perdomo"",""El Cerro del Diamante"",""El Ensueno"",""El Penon del Cortijo"",""El Porvenir de la Estancia"",""El Porvenir II Etapa"",""El Porvenir Zona C"",""El Rincon del Porvenir"",""El Rosal"",""Espinos I"",""Espinos III Sector"",""Galicia"",""Ismael Perdomo"",""La Carbonera"",""La Carbonera II"",""La Estancia"",""La Primavera"",""La Union – Divino Nino"",""Los Tres Reyes – I Etapa"",""Maria Cano"",""Mirador de La Estancia"",""Mirador de La Primavera"",""Penon del Cortijo III Sector"",""Perdomo Alto"",""Primavera Sur-Occ."",""Proyecto Rafael Escamilla"",""Rincon de Galicia"",""Rincon de La Estancia"",""Rincon de la Valvanera"",""San Antonio del Mirador"",""San Isidro"",""San Isidro II"",""San Isidro Sector Carboneras"",""San Isidro Sector Cerrito I"",""San Isidro Sector Cerrito II"",""San Isidro Sector Cerrito III"",""SAn Rafael del Alto de La Estancia"",""Santa Viviana"",""Santa Viviana – Sect. Vista Hermosa"",""Santo Domingo"",""Sierra Morena"",""Tres Reyes II Sector"",""Urbanizacion Balmoral II"",""Urbanizacion Balmoral Rincon de La Valvanera"",""Urbanizacion Barlovento"",""Urbanizacion Calabria"",""Urbanizacion El Arroyuelo – Predio El Almacen"",""Urbanizacion El Ensueno"",""Urbanizacion Galicia"",""Urbanizacion India Catalina"",""Urbanizacion La Estancia"",""Urbanizacion La Llanada"",""Urbanizacion La Riviera del Sur"",""Urbanizacion Las Huertas"",""Urbanizacion Penon del Cortijo"",""Urbanizacion Rincon de la Valvanera Mz. 7"",""Arborizadora Alta"",""Bellavista"",""Empresa Comunitaria Manuela Beltran"",""Florida Sur Alto"",""Jerusalen"",""Jerusalen Sector Bellavista – La Y"",""Jerusalen Sector El Plan"",""Jerusalen Sector La Isla"",""Jerusalen Sector Las Brisas"",""Jerusalen Sector Media Loma"",""Jerusalen Sector Nueva Argentina"",""Jerusalen Sector Paraiso"",""Jerusalen Sector Plan Canteras"",""Jerusalen Sector Potosi"",""Jerusalen Sector Pradera – La Esperanza"",""Jerusalen Sector Santa Rosita – Las Vegas"",""Jerusalen Sector Tanque Laguna"",""La Pradera"",""Las Brisas"",""Las Vegas de Potosi"",""Potosi"",""Urbanizacion Bosques de Candelaria"",""Urbanizacion Candelaria La Nueva II Sector"",""Urbanizacion La Milagrosa"",""Verona"",""Villa Candelaria"",""Villas de Bolivar"",""Acacia IV"",""Alfa"",""Altos de Jalisco"",""alvaro Bernal Segura"",""Bella Flor"",""Bella Flor Sur"",""Bella Vista Lucero Alto"",""Brisas del Volador"",""Buenavista Sector A"",""Ciudad Milagros"",""Compartir"",""Cordillera Sur"",""Domingo Lain I"",""Domingo Lain II – El Bosque"",""Domingo Lain III"",""El Bosque"",""El Castillo"",""El Mirador"",""El Paraiso"",""El Satelite"",""El Triunfo Sur"",""Estrella del Sur"",""Florida del Sur"",""Gibraltar Sur"",""Gibraltar I y II"",""Juan Pablo II"",""La Alameda"",""La Alameda II Sector"",""La Cabana"",""La Escala III"",""La Esmeralda Sur"",""La Estrella Sector Lagos"",""La Torre"",""Las Delicias del Sur"",""Las Manitas"",""Las Manitas II Sector"",""Los Alpes"",""Los Andes Sector 5 Nutibara"",""Lucero Alto"",""Lucero Bajo Corporacion San Isidro"",""Lucero Bajo Sect. La Conquista"",""Lucero Medio"",""Lucero Sur Bajo"",""Marandu"",""Meissen"",""Mexico"",""Mirador Nutibara"",""Naciones Unidas – Chaparro"",""Naciones Unidas – Sta. Rosa"",""Nueva Colombia"",""Rocio Altos del Sur"",""San Luis Altos de Jalisco"",""Tabor – Altaloma"",""Tierra Linda"",""Urbanizacion Compartir"",""Urbanizacion El Preciso"",""Urbanizacion Kalamary"",""Urbanizacion La Alameda"",""Urbanizacion La Escala"",""Urbanizacion Las Quintas del Sur"",""Urbanizacion La Serrania del Sur"",""Villa Gloria"",""Villa Gloria – Las Manitas"",""Villas del Diamante"",""Villas del Progreso"",""Vista Hermosa"",""Vista Hermosa Mz. 77ª"",""79ª"",""81ª"",""82"",""82ª"",""84ª"",""Vista Hermosa Sector Capri"",""Vista Hermosa Sector San Carlos y El Triangulo"","" Barranquitos"",""Brazuelos Santo Domingo"",""El Mochuelo II"",""Esmeralda"",""Lagunitas"",""Paticos"",""Acacia III Parte Baja"",""Acacias Sur"",""Candelaria La Nuea"",""Colmena"",""Colmena III"",""Gibraltar I y II"",""Juan Jose Rondon – La Casona"",""Juan Jose Rondon"",""Las Acacias"",""Millan Los Sauces"",""Puerta Al Llano"",""San Fernando"",""San Francisco"",""San Luis"",""Santa Ines La Acacia"",""Sauces – Hortalizas – Recuerdo"",""Candelaria La Nueva"",""Villas de Bolivar"")"
Engativa,"(""Bochica II"",""Bolivia"",""Ciudadela Colsubsidio"",""El Cortijo"",""El Dorado"",""Boyaca"",""El Carmelo"",""El Refugio"",""Florencia"",""Florida Blanca"",""La Almeria"",""La Granja"",""La Soledad Norte"",""Los Pinos Florencia"",""Maratu"",""Paris"",""Santa Helenita"",""Santa Maria del Lago"",""Santa Rosita"",""Tabora"",""Veracruz"",""Zarzamora"",""Alameda"",""Danubio Centauros"",""El Cedro"",""El Mirador"",""El Muelle"",""El Palmar"",""El Triangulo"",""El Verdun"",""Engativa Centro"",""Granjas El Dorado"",""La Cabana"",""La Esperanza"",""La Faena"",""La Riviera"",""La Tortigua"",""Las Mercedes"",""Las Palmas"",""Linterama"",""Los Laureles"",""Los Laureles Sabanas El Dorado"",""Marandu"",""Porvenir"",""Puerto Amor Playas del Jaboque"",""San Antonio Norte"",""San Basilio"",""San Jose Obrero"",""Santa Librada"",""Villa Claver I y II"",""Villa Constanza"",""Villa El Dorado Norte"",""Villa Gladys"",""Villa Mary"",""Villa Sandra"",""Villa Teresita"",""Villas El Dorado San Antonio II Sector"",""Vina del Mar"",""Acapulco"",""Bellavisa Occidental"",""Bonanza"",""Bosque Popular"",""Cataluna"",""Ciudad de Honda"",""El Dorado San Joaquin"",""El Guali"",""El Laurel"",""El Paseo"",""Estrada"",""La Cabana"",""La Estradita"",""La Europa"",""La Marcela"",""La Reliquia"",""Las Ferias"",""Metropolis"",""Palo Blanco"",""San Joaquin"",""Santo Domingo"",""alamos"",""alamos Norte"",""Bosques de Mariana"",""El Cedro"",""Garces Navas"",""Los angeles"",""Molinos de Viento"",""Plazuelas del Virrey"",""San Basilio"",""Santa Monica"",""Villa Amalia"",""Villa Sagrario"",""Villas de Granada"",""Villas de Madrigal"",""Villas El Dorado San Antonio"",""El Salitre Luis Maria Fernandez"","" Los alamos"",""San Ignacio"","" Andalucia"",""Bochica"",""Ciudad Bachue"",""Copetroco La Tropical"",""El Portal del Rio"",""La Espanola"",""La Palestina"",""La Serena"",""Los Cerecitos"",""Los Cerezos"",""Luis Carlos Galan"",""Meissen – Sidauto"",""Minuto de dios"",""Morisco"",""Paris Gaitan"",""Primavera Norte"",""Quirigua"",""El Encanto"",""El Lujan"",""El Real"",""Los Monjes"",""Normandia"",""Normandia Occidental"",""San Ignacio"",""San Marcos"",""Santa Cecilia"",""Villa Luz"")"
Fontibon,"(""El Bogotano"",""El Jardin"",""La Rosita"",""Puerta de Teja"",""San Jose"",""Veracruz"",""Carlos Lleras"",""La Esperanza Norte"",""Salitre Nor-Occidental"",""Sausalito"",""Arabia"",""Atahualpa"",""Bahia Solano"",""Batavia"",""Belen"",""Betania"",""Centenario"",""Cofradia"",""El Carmen"",""El Cuco"",""El Cuco (La Estancia)"",""El Guadual"",""El Jordan"",""El Pedregal"",""El Rubi"",""El Tapete"",""Ferrocaja"",""Flandes"",""Fontibon Centro"",""La Cabana"",""La Giralda"",""La Laguna"",""Las Flores"",""Palestina"",""Rincon Santo"",""Salamanca"",""San Pedro Los Robles"",""Torcoroma"",""Unidad Residencial Montecarlo"",""Valle Verde"",""Veracruz"",""Versalles"",""Villa Beatriz"",""Villa Carmenza"",""Villemar"",""Ambalema"",""Bohios"",""El Portal"",""El Refugio"",""El Triangulo"",""Florencia"",""Jerico"",""La Aldea"",""La Estacion"",""La Perla"",""La Zelfita"",""Las Brisas"",""Prados de la Alameda"",""Puente Grande"",""San Pablo"",""Selva Dorada"",""Villa Liliana"",""El Franco"",""Granjas de Techo"",""Montevideo"",""Paraiso Bavaria"",""Vision Semindustrial"",""Bosque de Modelia"",""Baleares"",""Capellania"",""El Rincon de Modelia"",""Fuentes del Dorado"",""La Esperanza"",""Mallorca"",""Modelia"",""Modelia Occidental"",""Santa Cecilia"",""Tarragona"",""Moravia"",""Kazandra"")"
Kennedy,"(""Agrupacion Pio X"",""Agrupacion Multifamiliar Villa Emilia"",""Alferez Real"",""Americas Central"",""Americas Occidental I"",""II y III Etapa"",""Antiguo Hipodromo de Techo II Etapa"",""Carvajal II Sector"",""Centroamericas"",""Ciudad Kennedy"",""Conjunto Res. El Rincon de Mandalay"",""Floresta Sur"",""Fundadores"",""Glorieta de Las Americas"",""Hipotecho"",""Igualdad I Sector"",""Igualdad II Sector"",""La Floresta"",""La Igualdad"",""La Llanura"",""La Llanura Manzana P"",""Las Americas"",""Las Americas Sector Galan"",""Los Sauces"",""Mandalay Etapa A Sector II"",""Mandalya I Sector"",""Mandalay III Sector"",""Multifamiliares Villa Adriana Mz. H"",""Nueva Marsella I"",""II y III Sector"",""Provivienda Oriental"",""Santa Rosa de Carvajal"",""Urb. Los Laureles (Sauces-Robles)"",""Villa Adriana"",""Villa Claudia"",""Aloha"",""Alsacia"",""aticos de Las Americas"",""Cooperativa de Suboficiales"",""El Condado de La Paz"",""Los Pinos de Marsella"",""Lucitania"",""Marsella"",""Marsella Sector Norte I y II Etapa"",""Multifamiliares La Paz El Ferrol"",""Nuestra Senora de La Paz"",""San Jose Occidental"",""Unidad Oviedo"",""Urbanizacion Bavaria"",""Villa Alsacia"",""Calandaima"",""Conjunto Residencial Prados de Castilla I"",""II y III"",""Galan"",""Osorio"",""Santa Fe del Tintal"",""Tintala"",""Urbanizacion Unir Uno (Predio Calandaima)"",""Agrupacion de Vivienda Talavera (Talavera de la Reina)"",""Alquerias de La Fragua"",""Alquerias de La Fragua Sect. El Paraiso"",""Alquerias de La Fragua Villa Nueva"","""",""Alquerias de La Fragua Sec. Santa Yolanda"",""Bombay"",""Carimagua I Sector"",""Carvajal"",""Carvajal Osorio"",""Carvajal Techo I Sector"",""Condado El Rey"",""Delicias"",""Desarrollo Nueva York"",""El Pencil"",""El Progreso I II Sector"",""Gerona"",""Guadalupe"",""La Campina"",""La Chucua"",""Las Torres"",""Los Cristales"",""Lucerna"",""Milenta II y III Sector"",""Multifamiliar Carimagua"",""Nueva York"",""Provivienda"",""Provivienda Occidental"",""Salvador Allende"",""San Andres"",""San Andres II Sector"",""Super Manzana 6 A"",""Tayrona Comercial"",""Urbanizacion Carvajal"",""Urbanizacion Las Delicias"",""Urbanizacion Nueva Delicias"",""Urbanizacion Renania"",""Valencia La Chucua"",""Villa Nueva"",""Agrupacion de Vivienda Pio XII"",""Aloha Sector Norte"",""Andalucia"",""Andalucia II Sector"",""Bavaria Techo II Sector I y II Etapa"",""Bosques de Castilla"",""Ciudad Don Bosco"",""Ciudad Favidi"",""Ciudad Techo 1"",""El Castillo"",""El Condado de la Paz"",""El Portal de las Americas"",""El Rincon de Castilla"",""El Rincon de los angeles"",""El Tintal"",""El Vergel"",""El Vergel Lote 4"",""El Vergel Occidental"",""Lagos de Castilla"",""Las Dos Avenidas I Etapa"",""La Dos Avenidas II Etapa"",""Monterrey"",""Multifamiliares El Ferrol"",""Nuestra Senora de La Paz"",""Osorio"",""Oviedo"",""Pio XII"",""San Jose Occidental"",""San Juan del Castillo"",""Santa Catalina Sector I y II"",""Santa Cecilia"",""Urbanizacion Bavaria"",""Urbanizacion Castilla"",""Urbanizacion Castilla La Nueva"",""Urbanizacion Castilla Los Madriles"",""Urbanizacion Castilla Los Mandriles"",""Urbanizacion Castilla Real"",""Urbanizacion Castilla Reservado"",""Urbanizacion Catania"",""Urbanizacion Catania Castilla"",""Urbanizacion Pio XII"",""Valladolid"",""Villa Alsacia"",""Villa Castilla"",""Villa Galante"",""Villa Liliana"",""Villa Mariana"",""Vision de Colombia"",""Amparo Canizares"",""Chucua de La Vaca"",""El Amparo"",""El Llanito"",""El Olivo"",""El Portal de Patio Bonito"",""El Saucedal"",""La Concordia"",""La Esperanza"",""La Maria"",""Llano Grande"",""Maria Paz"",""Pinar del Rio"",""Pinar del Rio II"",""San Carlos"",""Villa de La Loma"",""Villa de La Loma II Sector Mz. 31 y 32"",""Villa de La Torre"",""Villa Emilia Amparo II Sector"",""Villa Nelly"",""Villa Nelly – Los Alisos"",""Vista Hermosa (Portal Patio Bonito)"",""Alfonso Lopez Michelsen"",""Britalita"",""Calarca"",""Calarca II"",""Casa Blanca Sur"",""Class"",""El Almenar"",""El Carmelo"",""Gran Britalia"",""La Esperanza"",""La Maria"",""Pastranita I Sector"",""Santa Maria de Kennedy"",""Vegas de Santa Ana"",""Villa Andrea"",""Villa Anita"",""Villa Clemencia Sector Villa Grata"",""Villa Nelly"",""Villa Zarzamora"",""Villas de Kennedy"",""Abraham Lincoln"",""Agrupacion de Vivienda El Paraiso"",""Agrupacion Francisco Jose de Caldas"",""Casa Blanca I Etapa"",""Casa Blanca II Etapa"",""Centro Civico Ciudad Kennedy"",""Ciudad Kennedy Central"",""Ciudad Kennedy Norte"",""Ciudad Kennedy Occidental"",""Ciudad Kennedy Oriental"",""Ciudad Kennedy Super Mz. 10"",""Ciudad Kennedy Super Mz. 13"",""Ciudad Kennedy Sur"",""Conjunto Residencial Manuel Mejia"",""El Descanso"",""Kennedy Norte Super Mz. 11"",""Kennedy Occidental Mz. 14"",""Kennedy Occidental Mz. 15"",""Kennedy Oriental Super Mz. 2"",""Kennedy Oriental Super Mz. 3"",""Kennedy Oriental Super Mz. 5"",""Kennedy Oriental Super Mz. 6"",""Kennedy Oriental Super Mz. 7"",""Kennedy Supermanzana I"",""La Giraldilla"",""La Giraldilla II"",""Miraflores Kennedy"",""Multifamiliar Techo"",""Nuevo Kennedy"",""Nuevo Kennedy El Descanso"",""Onasis"",""Pastrana"",""Supermanzana 16"",""Supermanzana 9B"",""Techo"",""Unidad Residencial Ayacucho 2 S. Mz."",""Urbanizacion Arbolete Casablanca"",""Urbanizacion Banderas"",""Urbanizacion Experimental Kennedy"",""Urbanizacion Kennedy Super Mz. 8"",""Urbanizacion Mandalya Etapa C Zona 73"",""Urbanizacion Sinai"",""Las Margaritas"",""Osorio XI"",""Osorio XII"",""Altamar"",""Avenida Cundinamarca"",""Barranquillita"",""Bellavista"",""Campo Hermoso"",""Ciudad de Cali"",""Ciudad Galan"",""Ciudad Granada"",""Dindalito"",""El Paraiso"",""El Patio III Sector"",""El Rosario"",""El Rosario III"",""El Saucedal"",""El Triunfo"",""Horizonte Occidente"",""Jazmin Occidental"",""La Rivera"",""La Rivera II Sector"",""Las Acacias"",""Las Brisas"",""Las Palmeras"",""Las Palmitas"",""Las Vegas"",""Los Almendros"",""Nueva Esperanza"",""Parques del Tintal (Campo Alegre Londono)"",""Patio Bonito I"",""Patio Bonito II Sector"",""Puente La Vega"",""San Dionisio"",""San Marino"",""Santa Monica"",""Sector II Altamar"",""Sumapaz"",""Tayrona"",""Tintalito"",""Tintalito II"",""Tocarema"",""Urbanizacion Dindalito I Etapa"",""Villa Alexandra"",""Villa Andres"",""Villa Hermosa"",""Villa Mendoza"",""Acip"",""Alameda de Timiza"",""Alfonso Montana"",""Berlin"",""Boita"",""Boita I Sector"",""Boita II Sector"",""Casa Loma"",""Catalina"",""Catalina II"",""El Comite"",""El Jordan"",""El Jordan II y III"",""El Palenque"",""El Porvenir II Sector"",""El Porvenir Mz. A"",""El Rubi"",""Jacqueline"",""Juan Pablo I"",""La Cecilia"",""La Unidad"",""Lago Timiza I y II Etapa"",""Las Luces"",""Morabia II"",""Nueva Timiza"",""Nuevo Timiza"",""Onassis"",""Pastrana"",""Pastranita II Sector"",""Perpetuo Socorro"",""Perpetuo Socorro II"",""Prados de Kennedy"",""Renania Urapanes"",""Roma"",""Roma II (Urb. Bertha Hernandez de Ospina)"",""Sagrado Corazon"",""San Martin de Porres"",""Santa Catalina"",""Timiza"",""Tonoli"",""Tocarema"",""Tundama"",""Urbanizacion Bertha Hernandez de Ospina"",""Urbanizacion Catalina"",""Urbanizacion El Parque"",""Urbanizacion Santa Luisa"",""Vasconia II"",""Villa de Los Sauces"",""Villa Rica"",""Santa Paz – Santa Elvira"",""Vereda El Tintal"")"
La Candelaria,"(""Belen"",""Catedral"",""Centro Administrativo"",""Egipto"",""La Concordia"",""Las Aguas"",""Santa Barbara"")"
Los Martires,"(""Colseguros"",""El Liston"",""Florida"",""La Estanzuela"",""La Favorita"",""La Pepita"",""La Sabana"",""Paloquemao"",""Panamericano"",""Ricaurte"",""Samper Mendoza"",""San Fason"",""San Victorino"",""Santa Fe"",""Usatama"",""Voto Nacional"",""Eduardo Santos"",""El Progreso"",""El Vergel"",""Santa Isabel"",""Veraguas"")"
Puente Aranda,"(""La Guaca"",""Bochica"",""Carabelas"",""Ciudad Montes"",""El Sol"",""Jazmin"",""Jorge Gaitan Cortes"",""La Asuncion"",""La Camelia"",""Los Comuneros"",""Ponderosa"",""Primavera"",""Remanso"",""San Eusebio"",""Santa Matilde"",""Tibana"",""Torremolinos"",""Villa Ines"",""Alcala"",""Alqueria"",""Autopista Muzu"",""La Coruna"",""Los Sauces"",""Muzu"",""Ospina Perez"",""Santa Rita"",""Tejar"",""Villa del Rosario"",""Villa Sonia"",""Batallon Caldas"",""Centro Industrial"",""Ortezal"",""Puente Aranda"",""Salazar Gomez"",""Barcelona"",""Brisas del Galan"",""Brasilia"",""Camelia Sur"",""Colon"",""Galan"",""La Pradera"",""La Trinidad"",""El Arpa y La Lira"",""Milenta"",""San Francisco"",""San Gabriel"",""San Rafael"",""San Rafael Industrial"",""Cundinamarca"",""El Ejido"",""Gorgonzola"",""Industrial Centenario"",""La Florida Occidental"",""Los Ejidos"",""Pensilvania"
Rafael Uribe Uribe,"(""Antonio Morales II"",""Buenos Aires La Esp. Parc. La Fisc."",""Diana Turbay"",""Diana Turbay Arrayanes"",""Diana Turbay Cultivos"",""El Bosque de los Molinos (San Justin)"",""El Portal"",""El Portal II Sector"",""La Esperanza Alta"",""La Marqueza"",""La Paz"",""La Paz (El Cebadal)"",""La Picota Oriental"",""La Reconquista"",""La Reconquista (Villa Esther)"",""Los Arrayanes II"",""Los Puentes"",""Palermo Sur"",""Palermo Sur-Brisas"",""Palermo Sur (El Triangulo)"",""Palermo Sur Los Arrayanes"",""Palermo Sur Oswaldo Gomez"",""Palermo Sur San Marcos"",""Palermo Sur Sana Fonseca"",""San Agustin"",""San Agustin II Sector"",""Serrania – Sector Cultivos"",""Carmen del Sol"",""Bravo Paez"",""Carmen del Sol I Sector"",""Centenario"",""Claret"",""El Recuerdo San Jorge Alto"",""El Triunfo"",""El Triunfo Sur"",""Granjas San Pablo"",""Granjas Santa Sofia"",""Ingles"",""La Resurreccion"",""Las Colinas"",""Las Lomas"",""Libertador"",""Luis Lopez de Mesa"",""Marco Fidel Suarez"",""Marco Fidel Suarez La Canada"",""Murillo Toro"",""Olaya"",""Resurreccion"",""Rio de Janeiro El Pesebre"",""San Jorge-Gloria Gaitan"",""San Jorge Sur"",""San Juanito"",""San Justino"",""Santa Lucia"",""Santiago Perez"",""Terrazas de San Jorge"",""Villa Mayor"",""Antonio Morales Galavis"",""Arboleda sur"",""Callejon Santa Barbara"",""Cerros de Oriente"",""Danubio del Sur"",""El Consuelo"",""El Mirador Sur I y II"",""El Pensil"",""El Playon"",""El Puerto La Loma de San Carlos"",""El Rosal"",""El Socorro"",""Govaroba"",""Govaroba II"",""Guiparma"",""La Esperanza"",""La Merced Sur"",""La Merced Sur San Ignacio"",""La Picota"",""La Playa"",""La Providencia Media"",""Los Chircales"",""Los Molinos"",""Marco Fidel Suarez"",""Marruecos"",""Mirador de Marrocos"",""Mirador Los Molinos II Sector"",""Molinos del Sur"",""Nuevo Pensilvania Sur"",""Playon La Playita III"",""Pradera Sur"",""Principe de Bochica"",""Puente de San Bernardo"",""Puerto Rico"",""Socorro III Sector"",""Villa del Sol"",""Villa Gladys"",""Villa Morales"",""Villas del Recuerdo"",""Bravo Paez"",""Centenario"",""Claret"",""Ingles"",""Libertador"",""Murillo Toro"",""Olaya"",""Quiroga"",""Quiroga Central"",""Quiroga Sur"",""Santa Lucia"",""Santiago Perez"",""Villa Mayor"",""Gustavo Restrepo"",""Hospital San Carlos"",""San Jose Sur"",""San Luis"",""Sociego Sur"")"
San Cristobal,"(""20 de Julio"",""Atenas"",""Atenas I"",""Ayacucho"",""Barcelona"",""Barcelona Sur"",""Barcelona Sur Oriental"",""Bello Horizonte"",""Bello Horizonte III Sector"",""Cordoba"",""El anglo"",""El Encanto"",""Granada Sur"",""Granada Sur III Sector"",""La Joyita"",""La Serafina"",""Las Lomas"",""Managua"",""Montebello"",""San Isidro I y II"",""San Isidro Sur"",""San Luis"",""Sur America"",""villa de Los Alpes"",""Villa de Los Alpes I"",""Villa Nataly 20 de Julio"",""Altamira"",""Altamira Chiquita"",""Altos del Poblado"",""Altos del Virrey"",""Altos del Zuque"",""Bellavista Parte Alta"",""Bellavista Sur Oriental"",""Buenos Aires"",""Ciudadela Santa Rosa"",""El Quindio"",""El Recodo-Republica de Canada"",""El Rodeo"",""La Colmena"",""La Gloria"",""La Gloria BAja"",""La Gloria Mz 11"",""La Gloria Occidental"",""La Gloria Oriental"",""La Gloria San Mibuel"",""La Grovana"",""La Victoria"",""La Victoria II Sector"",""La Victoria III Sector"",""las Gaviotas"",""Las Guacamayas"",""Las Guacamayas I"",""II y III"",""Las Lomas"",""Los Puentes"",""Malvinas"",""Miraflores"",""Moralva"",""Panorama"",""Paseito III"",""Puente Colorado"",""Quindio"",""Quindio I y II"",""Quindio II"",""San Jose"",""San Jose Oriental"",""San Jose Sur Oriental"",""San Martin de Loba I y II"",""San Martin Sur"",""Antioquia"",""Canada La Guira"",""Canada La Guira II Sector"",""Canada-San Luis"",""Chiguaza"",""Ciudad de londres"",""El Paraiso"",""El Pinar o Rep. del Canada II S."",""El Triunfo"",""Juan Rey (La Paz)"",""La Belleza"",""La Nueva Gloria"",""La Nueva Gloria II Sector"",""La Peninsula"",""La Sierra"",""Las Gaviotas"",""Los Libertadores"",""Los Libertadores S. El Tesoro"",""Los Libertadores S. La Colina"",""Los Libertadores S. San Ignacio"",""Los Libertadores S. San Isidro"",""Los Libertadores S. San Jose"",""Los Libertadores S. San Luis"",""Los Libertadores S. San Miguel"",""Los Libertadores Bque. Diamante"",""Los Pinares"",""Los Pinos"",""Los Puentes"",""Nueva Delly"",""Nueva Gloria"",""Nueva Roma"",""Nuevas Malvinas o El Triunfo"",""Republica del Canada"",""Republica del Canada-El Pinar"",""San Jacinto"",""San Manuel"",""San Rafael Sur Oriental"",""San Rafael Usme"",""Sana Rita I"",""II y III"",""Santa Rita Sur Oriental"",""Valparaiso"",""Villa Angelica Canada La Guira"",""Villa Aurora"",""Villa del Cerro"",""Villabell"",""Yomasa"",""Villa Angelica"",""El Paraiso Sur Oriental I Sec."",""Juan Rey I y II"",""Villa Begonia"",""Aguas Claras"",""Altos del Zipa"",""Amapolas"",""Amapolas II"",""Balcon de la Castana"",""Bella Vista Sector Lucero"",""Bellavista Parte Baja"",""Bellavista Sur"",""Bosque de Los Alpes"",""Buenavista Suroriental"",""Camino Viejo San Cristobal"",""Cerros de San Vicente"",""Ciudad de Londres"",""Corinto"",""El Balcon de la Castana"",""El Futuro"",""El Ramajal"",""El Ramajal (San Pedro)"",""Gran Colombia (Molinos de Oriente)"",""Horacio Orjuela"",""La Castana"",""La Cecilia"",""La Gran Colombia"",""La Herradura"",""La Joyita Centro (Bello Horizonte)"",""La Playa"",""La Roca"",""La Sagrada Familia"",""Las Acacias"",""Las Mercedes"",""Laureles Sur Oriental II Sector"",""Los Alpes"",""Los Alpes Futuro"",""Los Arrayanes Sector Santa Ines"",""Los Laureles Sur Oriental I Sec."",""Macarena Los Alpes"",""Manantial"",""Manila"",""Miraflores"",""Molinos de Oriente"",""Montecarlo"",""Nueva Espana"",""Nueva Espana Parte Alta"",""Ramajal"",""Rincon de La Victoria-B/Vista"",""Sagrada Familia"",""San Blas"",""San Blas (Parcelas)"",""San Blas II Sector"",""San Cristobal Alto"",""San Cristobal Viejo"",""San Pedro"",""San Vicente"",""San Vicente Alto"",""San Vicente Bajo"",""San Vicente Sur Oriente"",""Santa Ines"",""Santa Ines Sur"",""Terrazas de Oriente"",""Triangulo"",""Triangulo Alto"",""Triangulo Bajo"",""Vereda Altos de San Blas"",""Vitelma"",""Buenos Aires"",""Calvo Sur"",""Camino Viejo de San Cristobal"",""Golconda"",""La Maria"",""Las Brisas"",""Los Dos Leones"",""Modelo Sur"",""Narino Sur"",""Primero de Mayo"",""Quinta Ramos"",""Republica de Venezuela"",""San Cristobal Sur"",""San Javier"",""Santa Ana"",""Santa Ana Sur"",""Sosiego"",""Velodromo"",""Villa Albania"",""Villa Javier"")"
Santa Fe,"(""Bosque Izquierdo"",""Germania"",""La Macarena"",""La Paz Centro"",""La Perseverancia"",""Las Cruces"",""San Bernardo"",""La Alameda"",""La Capuchina"",""La Veracruz"",""Las Nieves"",""Santa Ines"",""Atanasio Giradot"",""Cartagena"",""Egipto"",""Egipto Alto (J.C. Turbay)"",""El Balcon"",""El Consuelo"",""El Dorado"",""El Guavio"",""El Mirador"",""El Rocio"",""El Triunfo"",""Fabrica de Loza"",""Gran Colombia"",""La Pena"",""Los Laches"",""Lourdes"",""Ramirez"",""San Dionisio"",""Santa Rosa de Lima"",""Vitelma"",""La Merced"",""Parque Central Bavaria"",""Sagrado Corazon"",""San Diego"",""San Martin"",""Torres del Parque"")"
Suba,"(""Britalia"",""Britalia San Diego"",""Calima Norte"",""Cantagallo"",""Cantalejo"",""El Paraiso de los 12 Apostoles"",""Gilmar"",""Granada Norte"",""Granjas de Namur"",""La Chocita"",""Los Eliseos"",""Pijao de Oro"",""Portales del Norte"",""San Ciprano"",""Villa Delia"",""Villa Delia – Britalia Norte"",""Vista Bella"",""Atenas"",""Calatayud"",""Casa Blanca I"",""Casa Blanca II"",""Casa Blanca Sec. El Plan"",""Casa Blanca Sec. La Gruta"",""Casa Blanca Suba"",""Del Monte"",""El Velero"",""Escuela de Carabineros"",""Alcala"",""Atabanza"",""Bernal y Forero"",""Cacigua"",""Canodromo"",""La Sultana"",""Libertadores"",""Los Prados de La Sultana"",""Madeira"",""Manuela Arluz"",""Mazuren"",""Niza IX"",""Prado Pinzon"",""Prado Sur"",""Prado Veraniego"",""Prado Veraniego Norte"",""Prado Veraniego Sur"",""San Jose de Spring"",""San Jose del Prado"",""Santa Helena"",""Tarragona"",""Tierra Linda"",""Victoria Norte"",""Villa Morena"",""Alcaparros"",""Almirante Colon"",""Almonacid"",""Altos de Chozica"",""Altos de La Esperanza"",""Amberes"",""Antonio Granados"",""Arrayanes"",""Aures"",""Bochalema"",""Catalina"",""Ciudad Hunza"",""Costa Azul"",""Costa Rica"",""El Aguinaldo"",""El Arenal"",""El Carmen"",""El Cerezo"",""El Condor"",""El Jordan La Esperanza"",""El Poa"",""El Naranjal"",""El Ocal"",""El Palmar"",""El Portico"",""El Progreso"",""El Refugio de Suba"",""Ciudadela Cafam"",""El Rubi"",""El Tabor"",""Gloria Lara de Echeverri"",""Guillermo Nunez"",""Jaime Bermeo"",""Japon"",""Java II Sector"",""La Aguadita"",""La Alameda"",""La Aurora"",""La Chucua"",""La Esmeralda"",""La Esperanza (Calle 131 A)"",""La Estanzuela"",""La Flor"",""La Flora"",""La Manuelita"",""La Palma"",""La Trinitaria"",""Lago de Suba"",""Las Flores"",""Lombardia"",""Los Arrayanes"",""Los Naranjos"",""Los Nogales"",""Naranjos Altos"",""Nuevo Corinto"",""Palma Aldea"",""Potrerillo"",""Potrerillos de Suba"",""Prados de Santa Barbara"",""Puerta del Sol"",""Rincon de Suba"",""Rincon El Condor"",""Rincon Escuela"",""Riombamba"",""Rodrigo Lara Bonilla"",""San Cayetano"",""San Isidro Norte"",""San Jorge"",""San Miguel Tibabuyes"",""San Pedro"",""Santa Ana de Suba"",""Santa Barbara Tibabuyes"",""Santa Ines – Santa Helena"",""Taberin"",""Telecom Arrayanes"",""Teusaquillo de Suba"",""Tibabuyes"",""Villa Alexandra"",""Villa Catalina"",""Villa Elisa"",""Villa Maria"",""Villas del Rincon"",""Conejera"",""Guaymaral"",""La Academia"",""Alhambra"",""Batan"",""El Recreo de Los Frailes"",""Estoril"",""Ilarco"",""Malibu"",""Monaco"",""Pasadena"",""Puente Largo"",""Andes Norte"",""Club de Los Lagartos"",""Coasmedas"",""Julio Florez"",""La Alborada"",""La Floresta Norte"",""Morato"",""Nuevo Monterrey"",""Pontevedra"",""Potosi"",""Santa Rosa"",""Asmedas"",""Teusaca"",""Calatrava"",""Campania"",""Ciudad Jardin Norte"",""La Colina Campestre"",""Colinas de Suba"",""Cordoba"",""Covadonga"",""Gratamira"",""Iberia"",""Lagos de Cordoba"",""Las Villas"",""Lindaraja"",""Niza"",""Niza Norte"",""Niza Suba"",""Niza VIII"",""Prado Jardin"",""Provenza"",""Rincon de Iberia"",""Sotileza"",""Gibraltar"",""Guicani"",""Mirandela"",""Nueva Zelandia"",""Oikos"",""San Felipe"",""San Jose de Bavaria"",""Santa Catalina"",""Tejares del Norte"",""Villa Nova"",""Villa del Prado"",""Villa Lucy"",""Acacias"",""Alaska"",""Alcazar de Suba"",""Almendros Norte"",""Alto de La Toma"",""Bosques de San Jorge"",""Campanela"",""El Pencil Barrio El Salitre"",""El Pinar"",""El Pino"",""El Portico"",""El Salitre"",""Java"",""La Campina La Fontana"",""Las Orquideas"",""Londres"",""Miraflores"",""Monarcas"",""Navetsa"",""Pinar de Suba"",""Pinos de Lombardia"",""Portal de Las Mercedes"",""Pradera de Suba"",""Prados de Suba"",""Prados del Salitre"",""Rincon de Santa Ines"",""San Francisco"",""Santa Isabel"",""Suba Centro"",""Tuna Alta"",""Tuna Baja"",""Turingia"",""Vereda Suba Cerros"",""Villa del Campo"",""Villa Esperanza"",""Villa Hermosa"",""Villa Susana"",""Atenas"",""Berlin"",""Bilbao"",""Caniz I"",""II y III"",""Carolina II y III"",""El Cedro"",""Compartir"",""La Gaitana"",""La Isabela"",""Lisboa"",""Los Nogales de Tibabuyes"",""Miramar"",""Nueva Tibabuyes"",""Nuevo Corinto Sector E"",""Prados de Santa Barbara"",""Rincon de Boyaca"",""Sabana de Tibabuyes"",""San Carlos de Suba"",""San Carlos de Tibabuyes"",""San Pedro de Tibabuyes"",""Santa Cecilia"",""Santa Rita"",""Tibabuyes Universal"",""Toscana"",""Vereda Suba Rincon"",""Vereda Tibabuyes"",""Verona"",""Villa Cindy"",""Villa de Las Flores"",""Villa Gloria"",""Villa Gloria I"")"
Sumapaz,"(""Centro poblado de Nazareth"",""Las Animas"",""Las Auras"",""Las Palmas"",""Las Sopas"",""Los Rios"",""Santa Rosa"",""Taquecitos"",""Centro poblado de Betania"",""El Istmo"",""Laguna Verde"",""Raizal"",""Penaliza"",""Tabaco"",""Capitolio"",""Centro poblado de San Juan de Sumapaz"",""Chorreras"",""Concepcion"",""El Toldo"",""La Union"",""Lagunitas"",""Las Vegas"",""San Antonio"",""San Jose"",""Santo Domingo"",""Tunal Alto"",""Tunal Bajo"")"
Teusaquillo,"(""Ciudad Salitre Sur-Oriental"",""Ciudad Salitre Nor-Oriental"",""Banco Central"",""Alfonso Lopez"",""Belalcazar"",""Campin"",""Chapinero Occidental"",""Galerias"",""San Luis"",""La Esmeralda"",""Nicolas de Federman"",""Nuevo Campin"",""Pablo VI"",""Quirinal"",""Rafael Nunez"",""El Salitre"",""Acevedo Tejada"",""Cama Vieja"",""Centro Narino"",""El Recuerdo"",""Gran America"",""Quinta Paredes"",""Armenia"",""Estrella"",""La Magdalena"",""La Soledad"",""Las Americas"",""Palermo"",""Quesada"",""Santa Teresita"",""Teusaquillo"")"
Tunjuelito,"(""Abraham Lincoln"",""San Benito"",""San Carlos"",""Tunalito"",""Tunjuelito"","" Ciudad Tunal"",""Condado de Santa Lucia"",""Conjunto Residencial Nuevo Muzu"",""El Carmen"",""Escuela de Policia General Santander"",""Fatima"",""Isla del Sol"",""Laguneta"",""Nuevo Muzu"",""Ontario"",""Parque Metropolitano El Tunal"",""Parque Real"",""Rincon de Muzu"",""Rincon de Nuevo Muzu"",""Rincon de Venecia"",""Samore"",""San Vicente"",""San Vicente Ferrer"",""Santa Lucia"",""Tejar de Ontario"",""Venecia"",""Venecia Occidental"",""Villa Ximena"")"
Usaquen,"(""Country Club"",""La Calleja"",""La Carolina"",""La Cristalina"",""Prados del Country"",""Recodo del Country"",""Santa Coloma"",""Soatama"",""Toledo"",""Torres del Country"",""Vergel del Country"",""Bosque de San Antonio"",""Conjunto Camino del Palmar"",""El Pite"",""El Redil"",""La Cita"",""La Granja Norte"",""La Uribe"",""Los Naranjos"",""San Juan Bosco"",""Urbanizacion Los Laureles"",""Acacias"",""Antigua"",""Belmira"",""Bosque de Pinos"",""Caobos Salazar"",""Capri"",""Cedritos"",""Cedro Bolivar"",""Cedro Golf"",""Cedro Madeira"",""Cedro Narvaez"",""Cedro Salazar"",""El Contador"",""El Rincon de Las Margaritas"",""La Sonora"",""Las Margaritas"",""Lisboa"",""Los Cedros"",""Los Cedros Oriental"",""Montearroyo"",""Nueva Autopista"",""Nuevo Country"",""Sierras del Moral"",""Canaima"",""La Floresta de La Sabana"",""Torca"",""Ainsuca"",""Altablanca"",""Barrancas"",""California"",""Cerro Norte"",""Danubio"",""Don Bosco"",""La Perla Oriental"",""Las Areneras"",""Milan (Barrancas)"",""San Cristobal Norte"",""Santa Cecilia Norte Parte Alta"",""Santa Cecilia Parte Baja"",""Santa Teresa"",""Soratama"",""Torcoroma"",""Villa Nydia"",""Villa Oliva"",""Campo Alegre"",""Molinos del Norte"",""Multicentro"",""Navarra"",""Rincon del Chico"",""San Patricio"",""Santa Barbara"",""Santa Barbara Central"",""Santa Barbara Occidental"",""Santa Bibiana"",""Santa Paula"","" Babilonia"",""Dardanelos"",""El Toberin"",""Estrella del Norte"",""Guanoa"",""Jardin Norte"",""La Liberia"",""La Pradera Norte"",""Las Orquideas"",""Pantanito"",""Santa Monica"",""Villa Magdala"",""Villas de Aranjuez"",""Villas del Mediterraneo"",""Zaragoza"",""Bella Suiza"",""Bellavista"",""Bosque Medina"",""El Panuelito"",""El Pedregal"",""Escuela de Caballeria I"",""Escuela de Infanteria"",""Francisco Miranda"",""Ginebra"",""La Esperanza"",""La Glorieta"",""Las Delicias del Carmen"",""Sagrado Corazon"",""San Gabriel"",""Santa Ana"",""Santa Ana Occidental"",""Santa Barbara"",""Santa Barbara Alta"",""Unicerros"",""Usaquen"",""Alto de Serrezuela"",""Balcones de Vista Hermosa"",""Balmoral Norte"",""Buenavista"",""Chaparral"",""El Codito"",""El Refugio de San Antonio"",""El Verbenal"",""Horizontes"",""La Estrellita"",""La Frontera"",""La Llanurita"",""Los Consuelos"",""Maranta"",""Maturin"",""Medellin"",""Mirador del Norte"",""Nuevo Horizonte"",""San Antonio Norte"",""Santa Felisa"",""Santandersito"",""Tibabita"",""Vina del Mar"")"
Usme,"(""Alfonso Lopez Sector Buenos Aires"",""Alfonso Lopez Sector Charala"",""Alfonso Lopez Sector El Progreso"",""Brisas del Llano"",""El Nuevo Portal"",""El Paraiso"",""El Portal del Divino"",""El Portal II Etapa"",""El Progreso Usme"",""El Refugio I y II"",""El Triangulo"",""El Uval"",""El Uval II Sector"",""La Huerta"",""La Orquidea Usme"",""La Reforma"",""Nuevo Porvenir"",""Nuevo Progreso-El Progreso II Sector"",""Portal de La Vega"",""Portal de Oriente"",""Portal del Divino"",""Puerta Al Llano"",""Puerta Al Llano II"",""Refugio I"",""Villa Hermosa"","" Ciudadela El Oasis"",""Brisas del Llano"",""Centro Usme"",""El Bosque Km. 11"",""El Oasis"",""El Pedregal La Lira"",""El Salteador"",""La Maria"",""Alfonso Lopez Sector Charala"",""Antonio Jose de Sucre"",""Antonio Jose de Sucre I"",""Antonio Jose de Sucre II"",""Antonio Jose de Sucre III"",""Bellvista Alta"",""Bellavista II Sector"",""Bosque El Limonar"",""Bosque El Limonar II Sector"",""Brazuelos"",""Brazuelos Occidental"",""Brazuelos Sector El Paraiso"",""Brazuelos Sector La Esmeralda"",""Centro Educativo San Jose"",""Chapinerito"",""Chico Sur"",""Chico Sur II Sector"",""Ciudadela Canta Rana I"",""II"",""III Sector"",""Comuneros"",""El Brillante"",""El Espino"",""El Mortino"",""El Rubi"",""El Tuno"",""El Uval"",""El Virrey ultima Etapa"",""Finca La Esperanza"",""La Esmeralda El Recuerdo"",""La Esperanza Km. 10"",""Las Brisas"",""Las Flores"",""Las Mercedes"",""Lorenzo Alcantuz I Sector"",""Lorenzo Alcantuz II Sector"",""Los Altos del Brazuelo"",""Marichuela III Sector (Cafam II S.)"",""Monteblanco"",""Montevideo"",""Nuevo San Luis"",""San Joaquin El Uval"",""Sector Granjas de San Pedro"",""Tenerife"",""Tenerife II Sector"",""Urbanizacion Chuniza I"",""Urbanizacion Jaron Monte Rubio"",""Urbanizacion Libano"",""Urbanizacion Marichuela"",""Usminia"",""Villa Alemania"",""Villa Alemania II Sector"",""Villa Anita Sur"",""Villa Israel"",""Villa Israel II"","" Alaska"",""Arrayanes"",""Danubio Azul"",""Daza Sector II"",""Duitama"",""El Porvenir"",""El Porvenir II Sector"",""Fiscala II La Fortuna"",""Fiscala Sector Centro"",""La Fiscala Los Tres Laureles"",""La Fiscala Lote 16"",""La Fiscala Lote 16A"",""La Fiscala Sector Centro"",""La Fiscala Sector Daza"",""La Fiscala Sector Norte"",""La Fiscala Sector Rodriguez"",""La Morena I"",""La Morena II"",""La Morena II (Sector Villa Sandra)"",""Morena II Sector Villa Sandra"",""Nueva Esperanza"",""San Martin"",""Villa Neiza"",""Picota Sur"",""Porvenir"",""Almirante Padilla"",""Altos del Pino"",""Arizona"",""Barranquillita"",""Benjamin Uribe"",""Betania"",""Betania II"",""Bolonia"",""Bulevar del Sur"",""Casa Loma II; Casa Rey"",""Casaloma"",""Compostela I"",""Compostela II"",""Compostela III"",""El Bosque"",""El Cortijo"",""El Curubo"",""El Jordan"",""El Nevado"",""El Pedregal"",""El Recuerdo Sur"",""El Refugio"",""El Refugio Sector Santa Librada"",""El Rosal-Mirador"",""El Rubi II Sector"",""Gran Yomasa I"",""Gran Yomasa II Sector"",""La Andrea"",""La Aurora"",""La Cabana"",""La Esperanza"",""La Fortaleza"",""La Regadera Km. 11"",""La Regadera Sur"",""Las Granjas de San Pedro (Santa Librada)"",""Las Viviendas"",""Los Tejares Sur II Sector"",""Nuevo San Andres de los Altos"",""Olivares"",""Salazar Salazar"",""San Andres Alto"",""San Felipe"",""San Isidro Sur"",""San Juan Bautista"",""San Juan I Sector"",""San Juan II Sector"",""San Juan II y III Sector"",""San Librada Los Tejares"",""San Luis"",""San Pablo"",""Santa Librada"",""Santa Librada La Esperanza"",""Santa Librada La Surena"",""Santa Librada Los Tejares (Gran Yomasa)"",""Santa LibradaNorte"",""Santa Librada S. San Bernardino"",""Santa Librada S. San Francisco"",""Santa Librada Salazar Salazar"",""Santa Librada Sector La Pena"",""Santa Marta II Sector"",""Santa Martha"",""Santa Martha II"",""Sierra Morena"",""Tenerife II Sector"",""Urbanizacion Brasilia II Sector"",""Urbanizacion Brasilia Sur"",""Urbanizacion Cartagena"",""Urb. Costa Rica Barrio San Andres de Los Altos"",""Urbanizacion La Andrea"",""Urbanizacion La Aurora II Etapa"",""Urbanizacion Miravalle"",""Urbanizacion Tequendama"",""Vianey"",""Villa Alejandria"",""Villa Nelly"",""Villas de Santa Isabel-P. Entre Nubes"",""Villas del Eden"",""Yomasita"",""Buenos Aires"",""Costa Rica"",""Dona Liliana"",""El Bosque Km. 11"",""Juan Jose Rondon"",""Juan Jose Rondon II Sector"",""Juan Rey Sur"",""La Cabana"",""La Esperanza"",""La Flora Parcelacion San Pedro"",""Las Violetas"",""Los Arrayanes"",""Los Soches"",""Parcelacion San Pedro"",""Tihuaque"",""Union"",""Villa Diana"",""Villa Rosita"",""Arrayanes"",""Bolonia"",""El Bosque Central"",""El Nuevo Portal II"",""El Refugio I"",""La Esperanza Sur"",""Los Olivares"",""Pepinitos"",""Tocaimita Oriental"",""Tocaimita Sur"")"
